Data set,layers,omega,c1,c2,vmax,pop_size,maxIter,loss1,loss2,
soybean,0,0.1,0.5,3,1,1000,500,80.0,80.0
soybean,0,0.1,0.9,3,1,1000,500,100.0,100.0
soybean,0,0.1,3,0.9,1,1000,500,80.0,80.0
soybean,0,0.1,0.1,0.5,1,1000,500,80.0,80.0
soybean,0,0.4,0.1,0.1,1,1000,500,100.0,100.0
soybean,0,0.4,0.1,3,1,1000,500,80.0,80.0
soybean,0,0.1,0.1,3,1,1000,500,80.0,80.0
soybean,0,0.4,0.5,0.9,1,1000,500,100.0,100.0
soybean,0,0.4,0.5,3,1,1000,500,100.0,100.0
soybean,0,0.1,0.5,0.1,1,1000,500,80.0,80.0
soybean,0,0.4,0.1,0.5,1,1000,500,80.0,80.0
soybean,0,0.1,0.5,0.5,1,1000,500,100.0,100.0
soybean,0,0.1,0.9,0.9,1,1000,500,100.0,100.0
soybean,0,0.4,0.5,0.1,1,1000,500,100.0,100.0
soybean,0,0.4,0.9,0.5,1,1000,500,80.0,80.0
soybean,0,0.1,3,0.5,1,1000,500,100.0,100.0
soybean,0,0.1,0.9,0.1,1,1000,500,100.0,100.0
soybean,0,0.4,0.9,0.1,1,1000,500,80.0,80.0
soybean,0,0.1,0.9,0.5,1,1000,500,100.0,100.0
soybean,0,0.1,0.1,0.1,1,1000,500,100.0,100.0
soybean,0,0.4,3,3,1,1000,500,100.0,100.0
soybean,0,0.4,3,0.9,1,1000,500,80.0,80.0
soybean,0,0.4,0.9,0.9,1,1000,500,80.0,80.0
soybean,0,0.4,0.1,0.9,1,1000,500,100.0,100.0
soybean,0,0.1,0.1,0.9,1,1000,500,100.0,100.0
soybean,0,0.4,0.5,0.5,1,1000,500,80.0,80.0
soybean,0,0.1,3,3,1,1000,500,100.0,100.0
soybean,0,0.1,0.5,0.9,1,1000,500,100.0,100.0
soybean,0,0.1,3,0.1,1,1000,500,80.0,80.0
soybean,0,0.4,0.9,3,1,1000,500,100.0,100.0
soybean,0,0.4,3,0.1,1,1000,500,80.0,80.0
soybean,0,0.4,3,0.5,1,1000,500,80.0,80.0
soybean,1,0.1,0.1,0.5,1,1000,500,100.0,100.0
soybean,1,0.1,0.1,0.9,1,1000,500,80.0,80.0
soybean,1,0.1,0.5,0.5,1,1000,500,80.0,80.0
soybean,1,0.1,0.1,0.1,1,1000,500,80.0,80.0
soybean,1,0.1,0.9,0.9,1,1000,500,80.0,80.0
soybean,1,0.1,0.1,3,1,1000,500,80.0,80.0
soybean,1,0.1,3,0.9,1,1000,500,80.0,80.0
soybean,1,0.1,3,0.5,1,1000,500,100.0,100.0
soybean,1,0.1,0.9,0.5,1,1000,500,80.0,80.0
soybean,1,0.1,0.9,0.1,1,1000,500,80.0,80.0
soybean,1,0.1,0.9,3,1,1000,500,80.0,80.0
soybean,1,0.1,0.5,0.1,1,1000,500,73.33333333333333,80.0
soybean,1,0.4,0.1,0.1,1,1000,500,80.0,80.0
soybean,1,0.4,0.1,0.9,1,1000,500,80.0,80.0
soybean,1,0.1,3,0.1,1,1000,500,80.0,80.0
soybean,1,0.1,0.5,3,1,1000,500,100.0,100.0
soybean,1,0.4,0.1,0.5,1,1000,500,100.0,100.0
soybean,1,0.4,0.1,3,1,1000,500,72.0,80.0
soybean,1,0.1,3,3,1,1000,500,80.0,80.0
soybean,1,0.4,0.5,0.5,1,1000,500,100.0,100.0
soybean,1,0.1,0.5,0.9,1,1000,500,80.0,80.0
soybean,1,0.4,0.5,0.1,1,1000,500,80.0,80.0
soybean,1,0.4,0.9,0.1,1,1000,500,80.0,80.0
soybean,1,0.4,0.5,0.9,1,1000,500,80.0,80.0
soybean,1,0.4,0.9,0.5,1,1000,500,80.0,80.0
soybean,1,0.4,0.9,0.9,1,1000,500,80.0,80.0
soybean,1,0.4,0.5,3,1,1000,500,80.0,80.0
soybean,1,0.4,0.9,3,1,1000,500,100.0,100.0
soybean,1,0.4,3,0.1,1,1000,500,80.0,80.0
soybean,1,0.4,3,0.5,1,1000,500,80.0,80.0
soybean,1,0.4,3,0.9,1,1000,500,72.0,80.0
soybean,1,0.4,3,3,1,1000,500,100.0,100.0
soybean,2,0.1,0.5,0.9,1,1000,500,80.0,80.0
soybean,2,0.1,0.1,0.9,1,1000,500,100.0,100.0
soybean,2,0.1,0.5,0.1,1,1000,500,80.0,80.0
soybean,2,0.1,0.9,0.5,1,1000,500,100.0,100.0
soybean,2,0.1,0.1,0.5,1,1000,500,80.0,80.0
soybean,2,0.1,0.1,0.1,1,1000,500,80.0,80.0
soybean,2,0.1,0.5,3,1,1000,500,80.0,80.0
soybean,2,0.1,0.5,0.5,1,1000,500,72.0,80.0
soybean,2,0.1,0.9,0.1,1,1000,500,53.333333333333336,60.0
soybean,2,0.1,3,0.5,1,1000,500,80.0,80.0
soybean,2,0.1,0.9,0.9,1,1000,500,100.0,100.0
soybean,2,0.4,0.1,0.5,1,1000,500,80.0,80.0
soybean,2,0.1,3,0.1,1,1000,500,50.0,60.0
soybean,2,0.1,0.1,3,1,1000,500,53.333333333333336,60.0
soybean,2,0.4,0.1,0.1,1,1000,500,46.666666666666664,60.0
soybean,2,0.4,0.1,0.9,1,1000,500,100.0,100.0
soybean,2,0.1,3,0.9,1,1000,500,80.0,80.0
soybean,2,0.4,0.1,3,1,1000,500,80.0,80.0
soybean,2,0.1,3,3,1,1000,500,80.0,80.0
soybean,2,0.4,0.5,0.1,1,1000,500,100.0,100.0
soybean,2,0.4,0.5,3,1,1000,500,13.333333333333334,20.0
soybean,2,0.4,0.9,0.1,1,1000,500,80.0,80.0
soybean,2,0.4,0.5,0.5,1,1000,500,50.0,60.0
soybean,2,0.4,0.9,0.5,1,1000,500,100.0,100.0
soybean,2,0.4,0.5,0.9,1,1000,500,50.0,60.0
soybean,2,0.1,0.9,3,1,1000,500,100.0,100.0
soybean,2,0.4,0.9,0.9,1,1000,500,53.333333333333336,60.0
soybean,2,0.4,0.9,3,1,1000,500,100.0,100.0
soybean,2,0.4,3,0.1,1,1000,500,33.33333333333333,40.0
soybean,2,0.4,3,0.5,1,1000,500,33.33333333333333,40.0
soybean,2,0.4,3,0.9,1,1000,500,26.666666666666668,40.0
soybean,2,0.4,3,3,1,1000,500,53.333333333333336,60.0
soybean,0,0.1,0.1,0.1,1,1000,500,100.0,100.0
soybean,0,0.1,0.1,0.5,1,1000,500,100.0,100.0
soybean,0,0.1,0.1,3,1,1000,500,100.0,100.0
soybean,0,0.1,0.5,3,1,1000,500,100.0,100.0
soybean,0,0.1,0.1,0.9,1,1000,500,100.0,100.0
soybean,0,0.1,0.5,0.9,1,1000,500,100.0,100.0
soybean,0,0.1,0.5,0.1,1,1000,500,100.0,100.0
soybean,0,0.1,0.5,0.5,1,1000,500,100.0,100.0
soybean,0,0.1,0.9,0.1,1,1000,500,100.0,100.0
soybean,0,0.1,0.9,0.5,1,1000,500,100.0,100.0
soybean,0,0.1,0.9,3,1,1000,500,100.0,100.0
soybean,0,0.1,0.9,0.9,1,1000,500,100.0,100.0
soybean,0,0.1,3,0.5,1,1000,500,100.0,100.0
soybean,0,0.1,3,3,1,1000,500,100.0,100.0
soybean,0,0.4,0.1,0.5,1,1000,500,100.0,100.0
soybean,0,0.1,3,0.1,1,1000,500,100.0,100.0
soybean,0,0.1,3,0.9,1,1000,500,100.0,100.0
soybean,0,0.4,0.1,0.9,1,1000,500,100.0,100.0
soybean,0,0.4,0.5,0.5,1,1000,500,100.0,100.0
soybean,0,0.4,0.5,0.1,1,1000,500,100.0,100.0
soybean,0,0.4,0.1,3,1,1000,500,100.0,100.0
soybean,0,0.4,0.5,3,1,1000,500,100.0,100.0
soybean,0,0.4,0.1,0.1,1,1000,500,100.0,100.0
soybean,0,0.4,0.9,0.1,1,1000,500,100.0,100.0
soybean,0,0.4,0.9,0.5,1,1000,500,100.0,100.0
soybean,0,0.4,0.5,0.9,1,1000,500,100.0,100.0
soybean,0,0.4,0.9,3,1,1000,500,100.0,100.0
soybean,0,0.4,0.9,0.9,1,1000,500,100.0,100.0
soybean,0,0.4,3,0.1,1,1000,500,100.0,100.0
soybean,0,0.4,3,0.5,1,1000,500,100.0,100.0
soybean,0,0.4,3,3,1,1000,500,100.0,100.0
soybean,0,0.4,3,0.9,1,1000,500,100.0,100.0
soybean,1,0.1,0.1,0.1,1,1000,500,40.0,40.0
soybean,1,0.1,0.1,0.9,1,1000,500,42.00000000000001,40.0
soybean,1,0.1,0.1,0.5,1,1000,500,100.0,100.0
soybean,1,0.1,0.1,3,1,1000,500,100.0,100.0
soybean,1,0.1,0.5,0.5,1,1000,500,100.0,100.0
soybean,1,0.1,0.5,0.1,1,1000,500,40.0,40.0
soybean,1,0.1,0.5,0.9,1,1000,500,100.0,100.0
soybean,1,0.1,0.9,0.5,1,1000,500,63.33333333333333,60.0
soybean,1,0.1,0.9,0.9,1,1000,500,81.9047619047619,80.0
soybean,1,0.1,0.5,3,1,1000,500,100.0,100.0
soybean,1,0.1,0.9,0.1,1,1000,500,40.0,40.0
soybean,1,0.1,3,0.9,1,1000,500,100.0,100.0
soybean,1,0.1,3,3,1,1000,500,100.0,100.0
soybean,1,0.4,0.1,0.5,1,1000,500,100.0,100.0
soybean,1,0.1,3,0.5,1,1000,500,100.0,100.0
soybean,1,0.4,0.5,0.5,1,1000,500,100.0,100.0
soybean,1,0.4,0.1,0.9,1,1000,500,100.0,100.0
soybean,1,0.1,3,0.1,1,1000,500,100.0,100.0
soybean,1,0.1,0.9,3,1,1000,500,100.0,100.0
soybean,1,0.4,0.1,3,1,1000,500,100.0,100.0
soybean,1,0.4,0.1,0.1,1,1000,500,100.0,100.0
soybean,1,0.4,0.5,0.9,1,1000,500,100.0,100.0
soybean,1,0.4,0.5,0.1,1,1000,500,40.0,40.0
soybean,1,0.4,0.5,3,1,1000,500,100.0,100.0
soybean,1,0.4,0.9,0.5,1,1000,500,100.0,100.0
soybean,1,0.4,0.9,0.1,1,1000,500,40.0,40.0
soybean,1,0.4,0.9,0.9,1,1000,500,100.0,100.0
soybean,1,0.4,3,0.1,1,1000,500,100.0,100.0
soybean,1,0.4,3,0.5,1,1000,500,63.33333333333333,60.0
soybean,1,0.4,3,0.9,1,1000,500,100.0,100.0
soybean,1,0.4,0.9,3,1,1000,500,100.0,100.0
soybean,1,0.4,3,3,1,1000,500,100.0,100.0
soybean,2,0.1,0.1,0.9,1,1000,500,53.333333333333336,40.0
soybean,2,0.1,0.1,0.1,1,1000,500,88.57142857142858,80.0
soybean,2,0.1,0.1,0.5,1,1000,500,32.0,20.0
soybean,2,0.1,0.5,0.5,1,1000,500,0.0,0.0
soybean,2,0.1,0.5,0.9,1,1000,500,68.57142857142857,60.0
soybean,2,0.1,0.5,0.1,1,1000,500,100.0,100.0
soybean,2,0.1,0.9,0.1,1,1000,500,52.0,40.0
soybean,2,0.1,0.9,0.5,1,1000,500,13.333333333333334,20.0
soybean,2,0.1,0.1,3,1,1000,500,100.0,100.0
soybean,2,0.1,0.9,0.9,1,1000,500,53.333333333333336,40.0
soybean,2,0.1,3,0.5,1,1000,500,100.0,100.0
soybean,2,0.1,3,0.1,1,1000,500,80.0,80.0
soybean,2,0.1,0.5,3,1,1000,500,100.0,100.0
soybean,2,0.4,0.1,3,1,1000,500,32.0,20.0
soybean,2,0.4,0.1,0.1,1,1000,500,100.0,100.0
soybean,2,0.4,0.1,0.5,1,1000,500,80.0,80.0
soybean,2,0.1,3,0.9,1,1000,500,20.0,20.0
soybean,2,0.1,0.9,3,1,1000,500,100.0,100.0
soybean,2,0.4,0.1,0.9,1,1000,500,80.0,80.0
soybean,2,0.1,3,3,1,1000,500,100.0,100.0
soybean,2,0.4,0.5,0.5,1,1000,500,20.0,20.0
soybean,2,0.4,0.5,0.1,1,1000,500,63.33333333333333,60.0
soybean,2,0.4,0.9,0.1,1,1000,500,80.0,80.0
soybean,2,0.4,0.5,0.9,1,1000,500,100.0,100.0
soybean,2,0.4,0.5,3,1,1000,500,100.0,100.0
soybean,2,0.4,0.9,0.9,1,1000,500,100.0,100.0
soybean,2,0.4,0.9,0.5,1,1000,500,100.0,100.0
soybean,2,0.4,3,0.1,1,1000,500,73.33333333333333,60.0
soybean,2,0.4,3,0.5,1,1000,500,100.0,100.0
soybean,2,0.4,3,0.9,1,1000,500,88.57142857142858,80.0
soybean,2,0.4,0.9,3,1,1000,500,100.0,100.0
soybean,2,0.4,3,3,1,1000,500,80.0,80.0
soybean,0,0.1,0.1,0.5,1,1000,500,100.0,100.0
soybean,0,0.1,0.1,0.9,1,1000,500,100.0,100.0
soybean,0,0.1,0.1,0.1,1,1000,500,100.0,100.0
soybean,0,0.1,0.1,3,1,1000,500,100.0,100.0
soybean,0,0.1,0.5,0.1,1,1000,500,100.0,100.0
soybean,0,0.1,0.5,0.5,1,1000,500,100.0,100.0
soybean,0,0.1,0.5,0.9,1,1000,500,100.0,100.0
soybean,0,0.1,0.5,3,1,1000,500,100.0,100.0
soybean,0,0.1,3,0.5,1,1000,500,100.0,100.0
soybean,0,0.1,0.9,0.5,1,1000,500,100.0,100.0
soybean,0,0.1,0.9,0.9,1,1000,500,100.0,100.0
soybean,0,0.1,0.9,0.1,1,1000,500,100.0,100.0
soybean,0,0.1,0.9,3,1,1000,500,100.0,100.0
soybean,0,0.4,0.1,3,1,1000,500,100.0,100.0
soybean,0,0.1,3,0.9,1,1000,500,100.0,100.0
soybean,0,0.1,3,3,1,1000,500,100.0,100.0
soybean,0,0.4,0.1,0.5,1,1000,500,100.0,100.0
soybean,0,0.4,0.1,0.1,1,1000,500,100.0,100.0
soybean,0,0.4,0.1,0.9,1,1000,500,100.0,100.0
soybean,0,0.1,3,0.1,1,1000,500,100.0,100.0
soybean,0,0.4,0.5,0.5,1,1000,500,100.0,100.0
soybean,0,0.4,0.5,0.1,1,1000,500,100.0,100.0
soybean,0,0.4,0.5,3,1,1000,500,100.0,100.0
soybean,0,0.4,0.5,0.9,1,1000,500,100.0,100.0
soybean,0,0.4,0.9,0.5,1,1000,500,100.0,100.0
soybean,0,0.4,0.9,0.1,1,1000,500,100.0,100.0
soybean,0,0.4,0.9,0.9,1,1000,500,100.0,100.0
soybean,0,0.4,0.9,3,1,1000,500,100.0,100.0
soybean,0,0.4,3,0.5,1,1000,500,100.0,100.0
soybean,0,0.4,3,0.9,1,1000,500,100.0,100.0
soybean,0,0.4,3,0.1,1,1000,500,100.0,100.0
soybean,0,0.4,3,3,1,1000,500,100.0,100.0
soybean,1,0.1,0.1,0.9,1,1000,500,100.0,100.0
soybean,1,0.1,0.1,0.5,1,1000,500,100.0,100.0
soybean,1,0.1,0.1,0.1,1,1000,500,100.0,100.0
soybean,1,0.1,0.5,0.1,1,1000,500,100.0,100.0
soybean,1,0.1,0.1,3,1,1000,500,100.0,100.0
soybean,1,0.1,0.5,0.5,1,1000,500,100.0,100.0
soybean,1,0.1,0.5,0.9,1,1000,500,100.0,100.0
soybean,1,0.1,0.5,3,1,1000,500,100.0,100.0
soybean,1,0.1,0.9,0.5,1,1000,500,100.0,100.0
soybean,1,0.1,3,0.5,1,1000,500,80.0,80.0
soybean,1,0.1,0.9,3,1,1000,500,100.0,100.0
soybean,1,0.1,0.9,0.1,1,1000,500,100.0,100.0
soybean,1,0.1,3,0.9,1,1000,500,100.0,100.0
soybean,1,0.1,0.9,0.9,1,1000,500,100.0,100.0
soybean,1,0.4,0.1,0.5,1,1000,500,53.333333333333336,60.0
soybean,1,0.4,0.1,0.1,1,1000,500,100.0,100.0
soybean,1,0.1,3,0.1,1,1000,500,100.0,100.0
soybean,1,0.4,0.1,3,1,1000,500,100.0,100.0
soybean,1,0.4,0.1,0.9,1,1000,500,80.0,80.0
soybean,1,0.4,0.5,0.1,1,1000,500,27.999999999999996,40.0
soybean,1,0.1,3,3,1,1000,500,100.0,100.0
soybean,1,0.4,0.5,0.5,1,1000,500,100.0,100.0
soybean,1,0.4,0.5,3,1,1000,500,100.0,100.0
soybean,1,0.4,0.5,0.9,1,1000,500,100.0,100.0
soybean,1,0.4,0.9,0.5,1,1000,500,80.0,80.0
soybean,1,0.4,0.9,0.1,1,1000,500,100.0,100.0
soybean,1,0.4,0.9,0.9,1,1000,500,100.0,100.0
soybean,1,0.4,3,0.1,1,1000,500,80.0,80.0
soybean,1,0.4,3,0.5,1,1000,500,100.0,100.0
soybean,1,0.4,3,0.9,1,1000,500,100.0,100.0
soybean,1,0.4,0.9,3,1,1000,500,100.0,100.0
soybean,1,0.4,3,3,1,1000,500,100.0,100.0
soybean,2,0.1,0.1,0.5,1,1000,500,72.0,80.0
soybean,2,0.1,0.1,0.9,1,1000,500,60.0,60.0
soybean,2,0.1,0.1,0.1,1,1000,500,50.0,60.0
soybean,2,0.1,0.5,0.1,1,1000,500,100.0,100.0
soybean,2,0.1,0.5,0.5,1,1000,500,73.33333333333333,80.0
soybean,2,0.1,0.5,0.9,1,1000,500,46.666666666666664,60.0
soybean,2,0.1,3,0.5,1,1000,500,73.33333333333333,80.0
soybean,2,0.1,0.9,0.5,1,1000,500,100.0,100.0
soybean,2,0.1,3,0.1,1,1000,500,73.33333333333333,80.0
soybean,2,0.1,0.9,0.9,1,1000,500,50.0,60.0
soybean,2,0.1,0.9,0.1,1,1000,500,100.0,100.0
soybean,2,0.4,0.9,0.9,1,1000,500,100.0,100.0
soybean,2,0.4,0.1,0.1,1,1000,500,73.33333333333333,80.0
soybean,2,0.1,0.5,3,1,1000,500,100.0,100.0
soybean,2,0.1,3,0.9,1,1000,500,72.0,80.0
soybean,2,0.4,0.1,0.9,1,1000,500,27.999999999999996,40.0
soybean,2,0.4,0.5,0.1,1,1000,500,73.33333333333333,80.0
soybean,2,0.1,0.9,3,1,1000,500,100.0,100.0
soybean,2,0.4,0.1,0.5,1,1000,500,80.0,80.0
soybean,2,0.4,0.1,3,1,1000,500,100.0,100.0
soybean,2,0.4,0.5,0.5,1,1000,500,100.0,100.0
soybean,2,0.4,0.9,0.5,1,1000,500,80.0,80.0
soybean,2,0.4,0.5,0.9,1,1000,500,80.0,80.0
soybean,2,0.1,3,3,1,1000,500,100.0,100.0
soybean,2,0.4,0.9,3,1,1000,500,100.0,100.0
soybean,2,0.4,3,0.1,1,1000,500,100.0,100.0
soybean,2,0.4,0.9,0.1,1,1000,500,100.0,100.0
soybean,2,0.4,0.5,3,1,1000,500,100.0,100.0
soybean,2,0.4,3,0.5,1,1000,500,100.0,100.0
soybean,2,0.4,3,0.9,1,1000,500,80.0,80.0
soybean,2,0.4,3,3,1,1000,500,100.0,100.0
soybean,2,0.1,0.1,3,1,1000,500,100.0,100.0
soybean,0,0.1,0.1,0.1,1,1000,500,100.0,100.0
soybean,0,0.1,0.1,0.5,1,1000,500,100.0,100.0
soybean,0,0.1,0.1,3,1,1000,500,100.0,100.0
soybean,0,0.1,0.1,0.9,1,1000,500,100.0,100.0
soybean,0,0.1,0.5,0.1,1,1000,500,100.0,100.0
soybean,0,0.1,0.5,0.5,1,1000,500,100.0,100.0
soybean,0,0.1,0.5,3,1,1000,500,100.0,100.0
soybean,0,0.1,0.5,0.9,1,1000,500,100.0,100.0
soybean,0,0.1,0.9,3,1,1000,500,100.0,100.0
soybean,0,0.1,0.9,0.5,1,1000,500,100.0,100.0
soybean,0,0.1,0.9,0.9,1,1000,500,100.0,100.0
soybean,0,0.1,0.9,0.1,1,1000,500,100.0,100.0
soybean,0,0.4,0.1,0.5,1,1000,500,100.0,100.0
soybean,0,0.1,3,0.9,1,1000,500,100.0,100.0
soybean,0,0.1,3,3,1,1000,500,100.0,100.0
soybean,0,0.1,3,0.5,1,1000,500,100.0,100.0
soybean,0,0.4,0.1,3,1,1000,500,100.0,100.0
soybean,0,0.4,0.1,0.9,1,1000,500,100.0,100.0
soybean,0,0.4,0.1,0.1,1,1000,500,100.0,100.0
soybean,0,0.1,3,0.1,1,1000,500,100.0,100.0
soybean,0,0.4,0.5,0.1,1,1000,500,100.0,100.0
soybean,0,0.4,0.5,3,1,1000,500,100.0,100.0
soybean,0,0.4,0.5,0.5,1,1000,500,100.0,100.0
soybean,0,0.4,0.9,3,1,1000,500,100.0,100.0
soybean,0,0.4,0.5,0.9,1,1000,500,100.0,100.0
soybean,0,0.4,0.9,0.1,1,1000,500,100.0,100.0
soybean,0,0.4,0.9,0.9,1,1000,500,100.0,100.0
soybean,0,0.4,0.9,0.5,1,1000,500,100.0,100.0
soybean,0,0.4,3,0.1,1,1000,500,100.0,100.0
soybean,0,0.4,3,0.5,1,1000,500,100.0,100.0
soybean,0,0.4,3,0.9,1,1000,500,100.0,100.0
soybean,0,0.4,3,3,1,1000,500,100.0,100.0
soybean,1,0.1,0.1,0.5,1,1000,500,100.0,100.0
soybean,1,0.1,0.1,0.1,1,1000,500,86.66666666666666,80.0
soybean,1,0.1,0.1,0.9,1,1000,500,78.66666666666667,80.0
soybean,1,0.1,0.5,0.1,1,1000,500,100.0,100.0
soybean,1,0.1,0.5,0.5,1,1000,500,100.0,100.0
soybean,1,0.1,0.1,3,1,1000,500,100.0,100.0
soybean,1,0.1,0.5,0.9,1,1000,500,100.0,100.0
soybean,1,0.1,0.9,0.1,1,1000,500,100.0,100.0
soybean,1,0.1,0.9,0.5,1,1000,500,100.0,100.0
soybean,1,0.1,0.5,3,1,1000,500,100.0,100.0
soybean,1,0.1,0.9,0.9,1,1000,500,72.0,80.0
soybean,1,0.1,3,0.5,1,1000,500,100.0,100.0
soybean,1,0.1,0.9,3,1,1000,500,100.0,100.0
soybean,1,0.1,3,0.1,1,1000,500,86.66666666666666,80.0
soybean,1,0.4,0.1,0.5,1,1000,500,100.0,100.0
soybean,1,0.1,3,3,1,1000,500,100.0,100.0
soybean,1,0.1,3,0.9,1,1000,500,100.0,100.0
soybean,1,0.4,0.1,0.9,1,1000,500,100.0,100.0
soybean,1,0.4,0.1,3,1,1000,500,100.0,100.0
soybean,1,0.4,0.1,0.1,1,1000,500,100.0,100.0
soybean,1,0.4,0.5,0.5,1,1000,500,100.0,100.0
soybean,1,0.4,0.5,0.1,1,1000,500,100.0,100.0
soybean,1,0.4,0.5,0.9,1,1000,500,100.0,100.0
soybean,1,0.4,0.5,3,1,1000,500,100.0,100.0
soybean,1,0.4,0.9,0.5,1,1000,500,100.0,100.0
soybean,1,0.4,0.9,0.9,1,1000,500,100.0,100.0
soybean,1,0.4,0.9,0.1,1,1000,500,86.66666666666666,80.0
soybean,1,0.4,3,0.1,1,1000,500,86.66666666666666,80.0
soybean,1,0.4,3,0.5,1,1000,500,80.0,80.0
soybean,1,0.4,0.9,3,1,1000,500,100.0,100.0
soybean,1,0.4,3,0.9,1,1000,500,100.0,100.0
soybean,1,0.4,3,3,1,1000,500,100.0,100.0
soybean,2,0.1,0.1,0.9,1,1000,500,100.0,100.0
soybean,2,0.1,0.5,3,1,1000,500,100.0,100.0
soybean,2,0.1,0.1,0.1,1,1000,500,53.333333333333336,60.0
soybean,2,0.1,0.1,0.5,1,1000,500,80.0,80.0
soybean,2,0.1,0.5,0.1,1,1000,500,80.0,80.0
soybean,2,0.1,0.1,3,1,1000,500,100.0,100.0
soybean,2,0.1,0.5,0.9,1,1000,500,100.0,100.0
soybean,2,0.1,0.5,0.5,1,1000,500,78.66666666666667,80.0
soybean,2,0.1,0.9,0.1,1,1000,500,80.0,80.0
soybean,2,0.1,0.9,0.5,1,1000,500,86.66666666666666,80.0
soybean,2,0.1,0.9,0.9,1,1000,500,86.66666666666666,80.0
soybean,2,0.1,3,0.1,1,1000,500,100.0,100.0
soybean,2,0.1,3,0.9,1,1000,500,100.0,100.0
soybean,2,0.1,3,0.5,1,1000,500,60.0,60.0
soybean,2,0.4,0.1,0.1,1,1000,500,78.66666666666666,80.0
soybean,2,0.4,0.1,0.5,1,1000,500,100.0,100.0
soybean,2,0.1,0.9,3,1,1000,500,58.666666666666664,60.0
soybean,2,0.4,0.5,0.1,1,1000,500,100.0,100.0
soybean,2,0.4,0.1,0.9,1,1000,500,100.0,100.0
soybean,2,0.1,3,3,1,1000,500,100.0,100.0
soybean,2,0.4,0.1,3,1,1000,500,100.0,100.0
soybean,2,0.4,0.5,0.9,1,1000,500,100.0,100.0
soybean,2,0.4,0.5,0.5,1,1000,500,100.0,100.0
soybean,2,0.4,0.9,0.5,1,1000,500,46.666666666666664,60.0
soybean,2,0.4,3,0.1,1,1000,500,80.0,80.0
soybean,2,0.4,0.9,0.1,1,1000,500,100.0,100.0
soybean,2,0.4,0.9,0.9,1,1000,500,100.0,100.0
soybean,2,0.4,3,0.5,1,1000,500,100.0,100.0
soybean,2,0.4,3,0.9,1,1000,500,100.0,100.0
soybean,2,0.4,0.9,3,1,1000,500,80.0,80.0
soybean,2,0.4,0.5,3,1,1000,500,100.0,100.0
soybean,0,0.1,0.1,0.5,1,1000,500,72.0,80.0
soybean,2,0.4,3,3,1,1000,500,100.0,100.0
soybean,0,0.1,0.1,0.1,1,1000,500,100.0,100.0
soybean,0,0.1,0.1,0.9,1,1000,500,100.0,100.0
soybean,0,0.1,0.1,3,1,1000,500,100.0,100.0
soybean,0,0.1,0.5,0.1,1,1000,500,100.0,100.0
soybean,0,0.1,0.5,0.5,1,1000,500,100.0,100.0
soybean,0,0.1,0.5,0.9,1,1000,500,100.0,100.0
soybean,0,0.1,0.5,3,1,1000,500,100.0,100.0
soybean,0,0.1,0.9,0.5,1,1000,500,100.0,100.0
soybean,0,0.1,0.9,0.1,1,1000,500,100.0,100.0
soybean,0,0.1,0.9,0.9,1,1000,500,100.0,100.0
soybean,0,0.1,0.9,3,1,1000,500,100.0,100.0
soybean,0,0.1,3,0.9,1,1000,500,100.0,100.0
soybean,0,0.1,3,0.5,1,1000,500,100.0,100.0
soybean,0,0.1,3,3,1,1000,500,100.0,100.0
soybean,0,0.4,0.1,3,1,1000,500,100.0,100.0
soybean,0,0.4,0.1,0.1,1,1000,500,100.0,100.0
soybean,0,0.1,3,0.1,1,1000,500,100.0,100.0
soybean,0,0.4,0.1,0.9,1,1000,500,100.0,100.0
soybean,0,0.4,0.1,0.5,1,1000,500,100.0,100.0
soybean,0,0.4,0.5,0.5,1,1000,500,100.0,100.0
soybean,0,0.4,0.5,0.1,1,1000,500,100.0,100.0
soybean,0,0.4,0.5,3,1,1000,500,100.0,100.0
soybean,0,0.4,0.5,0.9,1,1000,500,100.0,100.0
soybean,0,0.4,0.9,0.1,1,1000,500,100.0,100.0
soybean,0,0.4,0.9,0.5,1,1000,500,100.0,100.0
soybean,0,0.4,0.9,3,1,1000,500,100.0,100.0
soybean,0,0.4,0.9,0.9,1,1000,500,100.0,100.0
soybean,0,0.4,3,0.5,1,1000,500,100.0,100.0
soybean,0,0.4,3,0.1,1,1000,500,100.0,100.0
soybean,0,0.4,3,0.9,1,1000,500,100.0,100.0
soybean,0,0.4,3,3,1,1000,500,100.0,100.0
soybean,1,0.1,0.1,0.1,1,1000,500,100.0,100.0
soybean,1,0.1,0.1,0.5,1,1000,500,72.0,80.0
soybean,1,0.1,0.1,0.9,1,1000,500,72.0,80.0
soybean,1,0.1,0.1,3,1,1000,500,100.0,100.0
soybean,1,0.1,0.5,0.5,1,1000,500,100.0,100.0
soybean,1,0.1,0.5,0.9,1,1000,500,100.0,100.0
soybean,1,0.1,0.5,0.1,1,1000,500,72.0,80.0
soybean,1,0.1,0.5,3,1,1000,500,100.0,100.0
soybean,1,0.1,0.9,0.1,1,1000,500,36.0,40.0
soybean,1,0.1,0.9,0.5,1,1000,500,80.0,80.0
soybean,1,0.1,0.9,0.9,1,1000,500,100.0,100.0
soybean,1,0.1,0.9,3,1,1000,500,100.0,100.0
soybean,1,0.4,0.1,0.1,1,1000,500,100.0,100.0
soybean,1,0.1,3,0.5,1,1000,500,72.0,80.0
soybean,1,0.1,3,0.9,1,1000,500,72.0,80.0
soybean,1,0.4,0.1,0.5,1,1000,500,100.0,100.0
soybean,1,0.4,0.1,0.9,1,1000,500,72.0,80.0
soybean,1,0.1,3,0.1,1,1000,500,100.0,100.0
soybean,1,0.1,3,3,1,1000,500,100.0,100.0
soybean,1,0.4,0.5,0.1,1,1000,500,100.0,100.0
soybean,1,0.4,0.5,0.9,1,1000,500,100.0,100.0
soybean,1,0.4,0.1,3,1,1000,500,100.0,100.0
soybean,1,0.4,0.5,0.5,1,1000,500,72.0,80.0
soybean,1,0.4,0.5,3,1,1000,500,100.0,100.0
soybean,1,0.4,0.9,0.1,1,1000,500,100.0,100.0
soybean,1,0.4,0.9,0.5,1,1000,500,100.0,100.0
soybean,1,0.4,0.9,0.9,1,1000,500,100.0,100.0
soybean,1,0.4,0.9,3,1,1000,500,100.0,100.0
soybean,1,0.4,3,0.1,1,1000,500,100.0,100.0
soybean,1,0.4,3,0.5,1,1000,500,100.0,100.0
soybean,1,0.4,3,0.9,1,1000,500,73.33333333333333,80.0
soybean,1,0.4,3,3,1,1000,500,100.0,100.0
soybean,2,0.1,0.1,0.1,1,1000,500,40.0,40.0
soybean,2,0.1,0.1,0.5,1,1000,500,100.0,100.0
soybean,2,0.1,0.1,0.9,1,1000,500,80.0,80.0
soybean,2,0.1,0.5,0.1,1,1000,500,100.0,100.0
soybean,2,0.1,0.1,3,1,1000,500,100.0,100.0
soybean,2,0.1,0.5,0.5,1,1000,500,100.0,100.0
soybean,2,0.1,0.5,0.9,1,1000,500,100.0,100.0
soybean,2,0.1,0.9,0.1,1,1000,500,73.33333333333333,80.0
soybean,2,0.1,0.9,0.5,1,1000,500,100.0,100.0
soybean,2,0.1,0.5,3,1,1000,500,100.0,100.0
soybean,2,0.1,0.9,0.9,1,1000,500,100.0,100.0
soybean,2,0.1,3,0.9,1,1000,500,23.333333333333332,40.0
soybean,2,0.4,0.1,0.1,1,1000,500,40.0,40.0
soybean,2,0.1,3,0.5,1,1000,500,100.0,100.0
soybean,2,0.4,0.1,0.9,1,1000,500,100.0,100.0
soybean,2,0.1,3,0.1,1,1000,500,45.33333333333333,60.0
soybean,2,0.1,0.9,3,1,1000,500,72.0,80.0
soybean,2,0.4,0.1,3,1,1000,500,0.0,0.0
soybean,2,0.4,0.1,0.5,1,1000,500,100.0,100.0
soybean,2,0.1,3,3,1,1000,500,72.0,80.0
soybean,2,0.4,0.5,0.5,1,1000,500,80.0,80.0
soybean,2,0.4,0.5,0.9,1,1000,500,60.0,60.0
soybean,2,0.4,0.5,0.1,1,1000,500,60.0,60.0
soybean,2,0.4,0.9,0.1,1,1000,500,80.0,80.0
soybean,2,0.4,0.9,0.9,1,1000,500,72.0,80.0
soybean,2,0.4,0.9,0.5,1,1000,500,100.0,100.0
soybean,2,0.4,0.5,3,1,1000,500,100.0,100.0
soybean,2,0.4,3,0.1,1,1000,500,100.0,100.0
soybean,2,0.4,0.9,3,1,1000,500,100.0,100.0
soybean,2,0.4,3,0.5,1,1000,500,73.33333333333333,80.0
soybean,2,0.4,3,0.9,1,1000,500,100.0,100.0
soybean,2,0.4,3,3,1,1000,500,80.0,80.0
glass,0,0.1,0.1,0.1,1,1000,500,26.340326340326342,31.818181818181817
glass,0,0.1,0.1,0.5,1,1000,500,26.47058823529412,31.818181818181817
glass,0,0.1,0.1,0.9,1,1000,500,29.405594405594403,36.36363636363637
glass,0,0.1,0.5,0.5,1,1000,500,31.951871657754012,40.909090909090914
glass,0,0.1,0.5,0.9,1,1000,500,59.52625805566982,63.63636363636363
glass,0,0.1,0.1,3,1,1000,500,51.6991341991342,54.54545454545454
glass,0,0.1,0.5,0.1,1,1000,500,32.531194295900185,36.36363636363637
glass,0,0.1,0.9,0.1,1,1000,500,30.76923076923077,36.36363636363637
glass,0,0.1,3,0.9,1,1000,500,42.42424242424242,50.0
glass,0,0.1,0.5,3,1,1000,500,65.65656565656565,68.18181818181817
glass,0,0.1,0.9,0.9,1,1000,500,37.74104683195592,45.45454545454545
glass,0,0.1,3,0.5,1,1000,500,33.42245989304813,40.909090909090914
glass,0,0.1,0.9,0.5,1,1000,500,27.947542653425007,36.36363636363637
glass,0,0.4,0.1,0.1,1,1000,500,32.5,40.909090909090914
glass,0,0.1,3,0.1,1,1000,500,38.500388500388496,45.45454545454545
glass,0,0.4,0.5,0.1,1,1000,500,56.40806561859194,59.09090909090909
glass,0,0.1,0.9,3,1,1000,500,67.38816738816739,68.18181818181817
glass,0,0.4,0.1,0.5,1,1000,500,41.649578491683755,50.0
glass,0,0.4,0.5,0.9,1,1000,500,58.03030303030303,63.63636363636363
glass,0,0.4,0.1,0.9,1,1000,500,58.1002331002331,59.09090909090909
glass,0,0.4,0.5,0.5,1,1000,500,29.6524064171123,36.36363636363637
glass,0,0.1,3,3,1,1000,500,57.14285714285715,59.09090909090909
glass,0,0.4,0.1,3,1,1000,500,42.121212121212125,45.45454545454545
glass,0,0.4,0.5,3,1,1000,500,60.53128689492326,63.63636363636363
glass,0,0.4,0.9,0.5,1,1000,500,43.72294372294372,50.0
glass,0,0.4,0.9,0.9,1,1000,500,37.37373737373737,45.45454545454545
glass,0,0.4,0.9,3,1,1000,500,46.88693659281895,50.0
glass,0,0.4,0.9,0.1,1,1000,500,33.873185637891524,36.36363636363637
glass,0,0.4,3,0.1,1,1000,500,42.8099173553719,50.0
glass,0,0.4,3,0.5,1,1000,500,47.07792207792208,50.0
glass,0,0.4,3,0.9,1,1000,500,46.60045836516425,50.0
glass,0,0.4,3,3,1,1000,500,56.51515151515151,59.09090909090909
glass,1,0.1,0.1,0.1,1,1000,500,28.53029323617559,36.36363636363637
glass,1,0.1,0.1,0.5,1,1000,500,34.157754010695186,40.909090909090914
glass,1,0.1,0.1,0.9,1,1000,500,30.952380952380953,36.36363636363637
glass,1,0.1,0.5,0.5,1,1000,500,31.68831168831169,36.36363636363637
glass,1,0.1,0.1,3,1,1000,500,61.056998556998565,63.63636363636363
glass,1,0.1,0.5,0.1,1,1000,500,31.934731934731936,36.36363636363637
glass,1,0.1,3,0.5,1,1000,500,29.696969696969695,36.36363636363637
glass,1,0.1,0.5,0.9,1,1000,500,41.800356506238856,45.45454545454545
glass,1,0.1,0.9,0.9,1,1000,500,44.55054749172396,45.45454545454545
glass,1,0.1,3,0.9,1,1000,500,38.311688311688314,40.909090909090914
glass,1,0.1,3,0.1,1,1000,500,23.333333333333332,27.27272727272727
glass,1,0.1,0.9,0.5,1,1000,500,30.70707070707071,36.36363636363637
glass,1,0.1,0.5,3,1,1000,500,51.6991341991342,54.54545454545454
glass,1,0.1,0.9,3,1,1000,500,57.14285714285715,59.09090909090909
glass,1,0.1,0.9,0.1,1,1000,500,18.98989898989899,22.727272727272727
glass,1,0.4,0.5,0.5,1,1000,500,30.588235294117645,36.36363636363637
glass,1,0.4,0.1,0.1,1,1000,500,29.67914438502674,36.36363636363637
glass,1,0.4,0.1,0.5,1,1000,500,32.77511961722488,36.36363636363637
glass,1,0.4,0.1,3,1,1000,500,31.493506493506494,31.818181818181817
glass,1,0.4,0.5,0.1,1,1000,500,28.877005347593588,36.36363636363637
glass,1,0.4,0.1,0.9,1,1000,500,42.04545454545455,50.0
glass,1,0.1,3,3,1,1000,500,61.056998556998565,63.63636363636363
glass,1,0.4,0.9,0.1,1,1000,500,45.138195138195144,50.0
glass,1,0.4,0.5,0.9,1,1000,500,26.340326340326342,31.818181818181817
glass,1,0.4,0.5,3,1,1000,500,57.90043290043291,59.09090909090909
glass,1,0.4,0.9,3,1,1000,500,47.98701298701298,50.0
glass,1,0.4,0.9,0.5,1,1000,500,32.406417112299465,40.909090909090914
glass,1,0.4,0.9,0.9,1,1000,500,40.40175510763746,40.909090909090914
glass,1,0.4,3,0.5,1,1000,500,37.04545454545455,45.45454545454545
glass,1,0.4,3,0.1,1,1000,500,24.935064935064936,27.27272727272727
glass,1,0.4,3,0.9,1,1000,500,38.13852813852814,40.909090909090914
glass,1,0.4,3,3,1,1000,500,52.144179350061705,54.54545454545454
glass,2,0.1,0.1,0.1,1,1000,500,23.60446570972887,27.27272727272727
glass,2,0.1,0.1,0.5,1,1000,500,17.5,31.818181818181817
glass,2,0.1,0.1,0.9,1,1000,500,31.74672217734419,40.909090909090914
glass,2,0.1,0.5,0.5,1,1000,500,23.232323232323235,31.818181818181817
glass,2,0.1,0.1,3,1,1000,500,59.431210500729215,63.63636363636363
glass,2,0.1,0.5,0.9,1,1000,500,32.03463203463203,40.909090909090914
glass,2,0.1,0.9,0.5,1,1000,500,27.526034337179844,36.36363636363637
glass,2,0.1,0.5,0.1,1,1000,500,22.207792207792206,31.818181818181817
glass,2,0.1,0.9,0.1,1,1000,500,31.62719633307869,36.36363636363637
glass,2,0.1,0.9,0.9,1,1000,500,36.480186480186475,45.45454545454545
glass,2,0.4,0.1,0.1,1,1000,500,17.37373737373737,31.818181818181817
glass,2,0.4,0.1,0.5,1,1000,500,25.78103011539544,36.36363636363637
glass,2,0.1,3,0.1,1,1000,500,13.636363636363635,22.727272727272727
glass,2,0.1,3,0.5,1,1000,500,33.1060606060606,40.909090909090914
glass,2,0.1,3,0.9,1,1000,500,21.2987012987013,27.27272727272727
glass,2,0.1,0.9,3,1,1000,500,42.932900432900425,45.45454545454545
glass,2,0.1,3,3,1,1000,500,53.32510626628273,54.54545454545454
glass,2,0.4,0.5,0.5,1,1000,500,24.490358126721762,36.36363636363637
glass,2,0.4,0.1,0.9,1,1000,500,32.82599753187988,36.36363636363637
glass,2,0.4,0.5,0.1,1,1000,500,26.31404958677686,36.36363636363637
glass,2,0.4,0.9,0.1,1,1000,500,16.36363636363636,27.27272727272727
glass,2,0.4,0.9,0.5,1,1000,500,25.78103011539544,36.36363636363637
glass,2,0.4,0.5,0.9,1,1000,500,38.728376886271626,45.45454545454545
glass,2,0.4,0.5,3,1,1000,500,44.84265734265734,50.0
glass,2,0.1,0.5,3,1,1000,500,46.91558441558443,50.0
glass,2,0.4,0.9,0.9,1,1000,500,16.72077922077922,31.818181818181817
glass,2,0.4,0.9,3,1,1000,500,65.36796536796537,68.18181818181817
glass,2,0.4,3,0.1,1,1000,500,28.41369157158631,36.36363636363637
glass,2,0.4,3,0.5,1,1000,500,23.836450630709002,31.818181818181817
glass,2,0.4,0.1,3,1,1000,500,43.72294372294371,50.0
glass,2,0.4,3,0.9,1,1000,500,29.511019283746553,36.36363636363637
glass,2,0.4,3,3,1,1000,500,22.775119617224878,27.27272727272727
glass,0,0.1,0.1,0.1,1,1000,500,45.217939954782054,50.0
glass,0,0.1,0.1,0.5,1,1000,500,52.294372294372295,59.09090909090909
glass,0,0.1,0.1,0.9,1,1000,500,52.294372294372295,59.09090909090909
glass,0,0.1,0.5,0.1,1,1000,500,50.78431372549019,54.54545454545454
glass,0,0.1,0.5,0.5,1,1000,500,51.31313131313132,54.54545454545454
glass,0,0.1,0.5,0.9,1,1000,500,52.06611570247933,59.09090909090909
glass,0,0.1,0.1,3,1,1000,500,58.8474025974026,63.63636363636363
glass,0,0.1,0.5,3,1,1000,500,65.3409090909091,68.18181818181817
glass,0,0.1,3,0.1,1,1000,500,63.15789473684211,68.18181818181817
glass,0,0.1,0.9,0.5,1,1000,500,51.31313131313132,54.54545454545454
glass,0,0.1,0.9,0.9,1,1000,500,48.68697478991597,54.54545454545454
glass,0,0.1,0.9,0.1,1,1000,500,59.39393939393939,63.63636363636363
glass,0,0.1,3,0.5,1,1000,500,72.02020202020202,77.27272727272727
glass,0,0.1,3,0.9,1,1000,500,52.47933884297521,59.09090909090909
glass,0,0.1,0.9,3,1,1000,500,58.8474025974026,63.63636363636363
glass,0,0.4,0.1,0.1,1,1000,500,63.85281385281384,68.18181818181817
glass,0,0.4,0.1,3,1,1000,500,54.04040404040404,59.09090909090909
glass,0,0.4,0.1,0.5,1,1000,500,53.93939393939393,59.09090909090909
glass,0,0.4,0.5,3,1,1000,500,63.63636363636363,68.18181818181817
glass,0,0.1,3,3,1,1000,500,58.8474025974026,63.63636363636363
glass,0,0.4,0.1,0.9,1,1000,500,61.883116883116884,68.18181818181817
glass,0,0.4,0.5,0.5,1,1000,500,41.99134199134198,50.0
glass,0,0.4,0.5,0.1,1,1000,500,44.69696969696969,50.0
glass,0,0.4,0.9,0.9,1,1000,500,45.95959595959596,50.0
glass,0,0.4,0.9,0.1,1,1000,500,59.139982824193346,63.63636363636363
glass,0,0.4,0.5,0.9,1,1000,500,54.05594405594406,59.09090909090909
glass,0,0.4,0.9,0.5,1,1000,500,45.317840054682165,50.0
glass,0,0.4,3,0.1,1,1000,500,59.62566844919785,63.63636363636363
glass,0,0.4,0.9,3,1,1000,500,55.51406926406926,59.09090909090909
glass,0,0.4,3,0.5,1,1000,500,48.567493112947666,54.54545454545454
glass,0,0.4,3,0.9,1,1000,500,57.24312452253629,63.63636363636363
glass,0,0.4,3,3,1,1000,500,57.97448165869219,63.63636363636363
glass,1,0.1,0.1,0.1,1,1000,500,61.209842788790155,68.18181818181817
glass,1,0.1,0.1,0.5,1,1000,500,43.81670960618329,45.45454545454545
glass,1,0.1,0.1,0.9,1,1000,500,44.31818181818182,50.0
glass,1,0.1,0.5,0.1,1,1000,500,37.05234159779614,45.45454545454545
glass,1,0.1,0.1,3,1,1000,500,65.36796536796537,68.18181818181817
glass,1,0.1,0.5,0.5,1,1000,500,42.26682408500591,50.0
glass,1,0.1,0.9,0.1,1,1000,500,46.21212121212121,50.0
glass,1,0.1,0.5,0.9,1,1000,500,65.9090909090909,72.72727272727273
glass,1,0.1,0.9,0.5,1,1000,500,52.700588884799416,59.09090909090909
glass,1,0.1,3,0.1,1,1000,500,48.6013986013986,54.54545454545454
glass,1,0.1,0.5,3,1,1000,500,72.02020202020202,77.27272727272727
glass,1,0.1,0.9,0.9,1,1000,500,53.03030303030303,59.09090909090909
glass,1,0.4,0.1,0.1,1,1000,500,34.090909090909086,45.45454545454545
glass,1,0.1,3,0.5,1,1000,500,25.522303783173346,36.36363636363637
glass,1,0.4,0.1,0.9,1,1000,500,55.99173553719008,63.63636363636363
glass,1,0.1,3,0.9,1,1000,500,44.01913875598086,50.0
glass,1,0.1,3,3,1,1000,500,72.02020202020202,77.27272727272727
glass,1,0.4,0.5,3,1,1000,500,40.833333333333336,50.0
glass,1,0.4,0.1,3,1,1000,500,39.53535353535354,50.0
glass,1,0.1,0.9,3,1,1000,500,67.37012987012989,68.18181818181817
glass,1,0.4,0.1,0.5,1,1000,500,41.15190365190365,45.45454545454545
glass,1,0.4,0.9,0.5,1,1000,500,61.220397249809025,68.18181818181817
glass,1,0.4,0.9,0.9,1,1000,500,57.51091014248909,63.63636363636363
glass,1,0.4,0.9,0.1,1,1000,500,44.01913875598086,50.0
glass,1,0.4,0.5,0.9,1,1000,500,52.69230769230769,59.09090909090909
glass,1,0.4,0.5,0.5,1,1000,500,46.227093065037735,54.54545454545454
glass,1,0.4,0.5,0.1,1,1000,500,45.12987012987013,50.0
glass,1,0.4,3,0.1,1,1000,500,28.552606813476377,40.909090909090914
glass,1,0.4,0.9,3,1,1000,500,65.15151515151516,68.18181818181817
glass,1,0.4,3,0.5,1,1000,500,47.562437562437566,54.54545454545454
glass,1,0.4,3,0.9,1,1000,500,63.63636363636363,68.18181818181817
glass,1,0.4,3,3,1,1000,500,59.05673274094326,63.63636363636363
glass,2,0.1,0.1,0.1,1,1000,500,47.382920110192835,54.54545454545454
glass,2,0.1,0.1,0.9,1,1000,500,34.032634032634036,45.45454545454545
glass,2,0.1,0.1,0.5,1,1000,500,44.54545454545455,50.0
glass,2,0.1,0.5,0.1,1,1000,500,58.658008658008654,63.63636363636363
glass,2,0.1,0.1,3,1,1000,500,72.02020202020202,77.27272727272727
glass,2,0.1,0.5,0.5,1,1000,500,22.92490118577075,36.36363636363637
glass,2,0.1,0.5,0.9,1,1000,500,52.65151515151515,59.09090909090909
glass,2,0.1,0.9,0.5,1,1000,500,57.24312452253629,63.63636363636363
glass,2,0.1,0.9,3,1,1000,500,73.73376623376622,77.27272727272727
glass,2,0.1,0.9,0.1,1,1000,500,33.5,50.0
glass,2,0.1,3,0.9,1,1000,500,33.5,50.0
glass,2,0.4,0.1,3,1,1000,500,22.64462809917355,36.36363636363637
glass,2,0.4,0.1,0.1,1,1000,500,26.15112160566706,36.36363636363637
glass,2,0.1,3,0.1,1,1000,500,49.71202710333145,59.09090909090909
glass,2,0.1,0.5,3,1,1000,500,78.43137254901961,81.81818181818183
glass,2,0.4,0.1,0.5,1,1000,500,39.15623849834376,45.45454545454545
glass,2,0.1,0.9,0.9,1,1000,500,28.86762360446571,36.36363636363637
glass,2,0.1,3,0.5,1,1000,500,37.38292011019284,45.45454545454545
glass,2,0.4,0.1,0.9,1,1000,500,28.376623376623378,31.818181818181817
glass,2,0.1,3,3,1,1000,500,61.52597402597403,63.63636363636363
glass,2,0.4,0.9,0.9,1,1000,500,45.454545454545446,50.0
glass,2,0.4,0.5,0.9,1,1000,500,30.76923076923077,45.45454545454545
glass,2,0.4,0.5,0.5,1,1000,500,57.765151515151516,63.63636363636363
glass,2,0.4,0.5,0.1,1,1000,500,33.5,50.0
glass,2,0.4,0.9,0.1,1,1000,500,34.06593406593406,50.0
glass,2,0.4,0.9,0.5,1,1000,500,24.787878787878785,40.909090909090914
glass,2,0.4,3,0.1,1,1000,500,45.15938606847698,54.54545454545454
glass,2,0.4,0.5,3,1,1000,500,65.78282828282828,72.72727272727273
glass,2,0.4,0.9,3,1,1000,500,66.66666666666666,68.18181818181817
glass,2,0.4,3,0.9,1,1000,500,32.196969696969695,40.909090909090914
glass,2,0.4,3,0.5,1,1000,500,46.32867132867133,50.0
glass,2,0.4,3,3,1,1000,500,67.825311942959,72.72727272727273
glass,0,0.1,0.1,0.1,1,1000,500,57.40259740259741,59.09090909090909
glass,0,0.1,0.1,0.9,1,1000,500,54.22077922077923,54.54545454545454
glass,0,0.1,0.1,0.5,1,1000,500,36.009056732740945,36.36363636363637
glass,0,0.1,0.5,0.1,1,1000,500,43.993506493506494,45.45454545454545
glass,0,0.1,0.1,3,1,1000,500,52.28163992869875,50.0
glass,0,0.1,0.5,0.9,1,1000,500,37.159945317840055,36.36363636363637
glass,0,0.1,0.5,0.5,1,1000,500,44.310235219326124,50.0
glass,0,0.1,0.9,0.1,1,1000,500,45.38239538239539,45.45454545454545
glass,0,0.1,0.9,0.9,1,1000,500,62.121212121212125,63.63636363636363
glass,0,0.1,0.9,0.5,1,1000,500,63.98013750954929,63.63636363636363
glass,0,0.4,0.1,0.1,1,1000,500,65.45454545454545,68.18181818181817
glass,0,0.1,3,0.1,1,1000,500,47.27272727272727,50.0
glass,0,0.4,0.1,0.5,1,1000,500,50.019677292404566,50.0
glass,0,0.1,3,0.9,1,1000,500,51.62337662337663,50.0
glass,0,0.1,0.5,3,1,1000,500,55.75757575757575,54.54545454545454
glass,0,0.1,3,0.5,1,1000,500,47.27272727272727,50.0
glass,0,0.1,0.9,3,1,1000,500,49.03488668194551,45.45454545454545
glass,0,0.4,0.1,3,1,1000,500,53.16017316017315,50.0
glass,0,0.1,3,3,1,1000,500,52.05627705627707,50.0
glass,0,0.4,0.5,0.1,1,1000,500,50.413223140495866,54.54545454545454
glass,0,0.4,0.5,0.9,1,1000,500,49.08727636000364,50.0
glass,0,0.4,0.1,0.9,1,1000,500,44.242424242424235,45.45454545454545
glass,0,0.4,0.5,3,1,1000,500,51.21212121212121,50.0
glass,0,0.4,0.5,0.5,1,1000,500,53.891831852358166,54.54545454545454
glass,0,0.4,0.9,0.5,1,1000,500,53.97450846367256,54.54545454545454
glass,0,0.4,0.9,0.1,1,1000,500,48.05194805194805,50.0
glass,0,0.4,3,0.1,1,1000,500,34.3801652892562,45.45454545454545
glass,0,0.4,0.9,0.9,1,1000,500,58.933490751672565,59.09090909090909
glass,0,0.4,0.9,3,1,1000,500,52.05627705627707,50.0
glass,0,0.4,3,0.5,1,1000,500,50.4286283891547,50.0
glass,0,0.4,3,0.9,1,1000,500,54.91455912508544,54.54545454545454
glass,0,0.4,3,3,1,1000,500,61.3152533740769,59.09090909090909
glass,1,0.1,0.1,0.1,1,1000,500,52.98701298701298,54.54545454545454
glass,1,0.1,0.1,0.5,1,1000,500,52.251082251082245,54.54545454545454
glass,1,0.1,0.1,0.9,1,1000,500,65.10822510822511,68.18181818181817
glass,1,0.1,0.5,0.5,1,1000,500,70.54425837320575,72.72727272727273
glass,1,0.1,0.5,0.1,1,1000,500,44.01250922990053,50.0
glass,1,0.1,0.1,3,1,1000,500,69.50757575757576,68.18181818181817
glass,1,0.1,0.9,0.5,1,1000,500,38.63636363636363,45.45454545454545
glass,1,0.1,0.5,0.9,1,1000,500,42.05500381970971,40.909090909090914
glass,1,0.1,3,0.1,1,1000,500,55.42398777692896,54.54545454545454
glass,1,0.1,0.9,0.9,1,1000,500,51.569264069264065,54.54545454545454
glass,1,0.1,3,0.5,1,1000,500,35.727908455181186,40.909090909090914
glass,1,0.1,3,0.9,1,1000,500,64.24751718869366,63.63636363636363
glass,1,0.4,0.1,0.5,1,1000,500,48.05194805194805,50.0
glass,1,0.1,0.9,0.1,1,1000,500,60.911815457270016,63.63636363636363
glass,1,0.1,0.5,3,1,1000,500,51.31465026201868,50.0
glass,1,0.1,0.9,3,1,1000,500,64.14900888585099,63.63636363636363
glass,1,0.4,0.1,0.1,1,1000,500,59.005468215994526,59.09090909090909
glass,1,0.1,3,3,1,1000,500,68.52559205500383,68.18181818181817
glass,1,0.4,0.1,0.9,1,1000,500,62.833219412166784,63.63636363636363
glass,1,0.4,0.5,0.5,1,1000,500,43.764568764568764,45.45454545454545
glass,1,0.4,0.5,0.9,1,1000,500,65.3170359052712,63.63636363636363
glass,1,0.4,0.1,3,1,1000,500,64.58874458874459,63.63636363636363
glass,1,0.4,0.5,0.1,1,1000,500,58.40069021887204,59.09090909090909
glass,1,0.4,0.5,3,1,1000,500,57.35930735930735,59.09090909090909
glass,1,0.4,3,0.5,1,1000,500,49.92784992784993,50.0
glass,1,0.4,0.9,0.1,1,1000,500,50.413223140495866,54.54545454545454
glass,1,0.4,0.9,0.5,1,1000,500,38.044308632543924,36.36363636363637
glass,1,0.4,3,0.1,1,1000,500,56.82709447415329,59.09090909090909
glass,1,0.4,0.9,0.9,1,1000,500,55.75757575757575,54.54545454545454
glass,1,0.4,0.9,3,1,1000,500,74.54906204906204,72.72727272727273
glass,1,0.4,3,0.9,1,1000,500,43.959071231798504,45.45454545454545
glass,1,0.4,3,3,1,1000,500,45.45454545454545,59.09090909090909
glass,2,0.1,0.1,0.1,1,1000,500,27.248023715415016,36.36363636363637
glass,2,0.1,0.1,0.5,1,1000,500,66.74641148325358,68.18181818181817
glass,2,0.1,0.1,0.9,1,1000,500,47.22769490571348,50.0
glass,2,0.1,0.5,0.1,1,1000,500,47.38636363636364,50.0
glass,2,0.1,0.5,0.9,1,1000,500,47.61904761904761,54.54545454545454
glass,2,0.1,0.1,3,1,1000,500,71.13997113997114,68.18181818181817
glass,2,0.1,0.9,0.1,1,1000,500,38.64339994370955,40.909090909090914
glass,2,0.1,0.9,0.9,1,1000,500,43.70442391832767,50.0
glass,2,0.1,0.5,0.5,1,1000,500,67.0995670995671,68.18181818181817
glass,2,0.1,0.9,0.5,1,1000,500,52.03972498090145,54.54545454545454
glass,2,0.1,3,0.5,1,1000,500,52.7435064935065,54.54545454545454
glass,2,0.1,0.5,3,1,1000,500,50.0,50.0
glass,2,0.1,0.9,3,1,1000,500,72.72727272727273,72.72727272727273
glass,2,0.1,3,0.9,1,1000,500,60.861095426312815,63.63636363636363
glass,2,0.1,3,0.1,1,1000,500,44.56906729634003,45.45454545454545
glass,2,0.4,0.1,0.1,1,1000,500,35.98484848484848,40.909090909090914
glass,2,0.4,0.1,0.9,1,1000,500,42.2077922077922,45.45454545454545
glass,2,0.1,3,3,1,1000,500,55.61497326203209,54.54545454545454
glass,2,0.4,0.1,0.5,1,1000,500,42.24598930481283,45.45454545454545
glass,2,0.4,0.5,0.1,1,1000,500,53.468270859575206,59.09090909090909
glass,2,0.4,0.1,3,1,1000,500,62.74836274836275,68.18181818181817
glass,2,0.4,0.5,0.5,1,1000,500,50.0,50.0
glass,2,0.4,0.5,0.9,1,1000,500,48.58585858585858,59.09090909090909
glass,2,0.4,0.9,0.1,1,1000,500,32.76616431696645,40.909090909090914
glass,2,0.4,0.9,0.5,1,1000,500,54.561403508771924,54.54545454545454
glass,2,0.4,0.9,0.9,1,1000,500,59.523809523809526,59.09090909090909
glass,2,0.4,0.5,3,1,1000,500,68.45522898154476,68.18181818181817
glass,2,0.4,0.9,3,1,1000,500,63.36898395721925,63.63636363636363
glass,2,0.4,3,0.1,1,1000,500,31.060606060606062,40.909090909090914
glass,2,0.4,3,0.5,1,1000,500,27.7511961722488,31.818181818181817
glass,2,0.4,3,0.9,1,1000,500,42.65734265734265,45.45454545454545
glass,2,0.4,3,3,1,1000,500,57.56302521008403,54.54545454545454
glass,0,0.1,0.1,0.1,1,1000,500,60.21756021756022,63.63636363636363
glass,0,0.1,0.1,0.5,1,1000,500,65.26806526806527,68.18181818181817
glass,0,0.1,0.1,0.9,1,1000,500,73.77410468319557,77.27272727272727
glass,0,0.1,0.1,3,1,1000,500,66.66666666666666,68.18181818181817
glass,0,0.1,0.5,0.1,1,1000,500,65.26806526806527,68.18181818181817
glass,0,0.1,0.5,0.5,1,1000,500,69.56964604023428,72.72727272727273
glass,0,0.1,0.5,0.9,1,1000,500,73.77410468319557,77.27272727272727
glass,0,0.1,0.9,0.5,1,1000,500,69.56964604023428,72.72727272727273
glass,0,0.1,0.9,0.1,1,1000,500,66.53934300993126,68.18181818181817
glass,0,0.1,3,0.1,1,1000,500,66.50717703349281,68.18181818181817
glass,0,0.1,0.9,0.9,1,1000,500,69.56964604023428,72.72727272727273
glass,0,0.1,0.5,3,1,1000,500,69.53748006379584,72.72727272727273
glass,0,0.1,3,0.5,1,1000,500,60.86070791953146,63.63636363636363
glass,0,0.4,0.1,0.1,1,1000,500,64.72451790633609,68.18181818181817
glass,0,0.4,0.1,0.9,1,1000,500,54.194041252864785,59.09090909090909
glass,0,0.1,3,0.9,1,1000,500,69.56964604023428,72.72727272727273
glass,0,0.4,0.1,0.5,1,1000,500,68.74458874458874,72.72727272727273
glass,0,0.1,3,3,1,1000,500,69.53748006379584,72.72727272727273
glass,0,0.1,0.9,3,1,1000,500,71.1903726257793,72.72727272727273
glass,0,0.4,0.5,0.5,1,1000,500,73.77410468319557,77.27272727272727
glass,0,0.4,0.5,0.1,1,1000,500,64.72451790633609,68.18181818181817
glass,0,0.4,0.1,3,1,1000,500,73.77410468319557,77.27272727272727
glass,0,0.4,0.5,3,1,1000,500,73.77410468319557,77.27272727272727
glass,0,0.4,0.5,0.9,1,1000,500,68.74458874458874,72.72727272727273
glass,0,0.4,0.9,0.9,1,1000,500,73.26905417814508,77.27272727272727
glass,0,0.4,0.9,0.5,1,1000,500,65.10857563489142,68.18181818181817
glass,0,0.4,0.9,0.1,1,1000,500,69.53748006379584,72.72727272727273
glass,0,0.4,0.9,3,1,1000,500,62.05950911833264,63.63636363636363
glass,0,0.4,3,0.1,1,1000,500,66.53934300993126,68.18181818181817
glass,0,0.4,3,0.5,1,1000,500,69.53748006379584,72.72727272727273
glass,0,0.4,3,0.9,1,1000,500,69.53748006379584,72.72727272727273
glass,0,0.4,3,3,1,1000,500,73.77410468319557,77.27272727272727
glass,1,0.1,0.1,0.1,1,1000,500,63.888888888888886,68.18181818181817
glass,1,0.1,0.1,0.9,1,1000,500,51.91409897292251,54.54545454545454
glass,1,0.1,0.1,0.5,1,1000,500,60.21756021756022,63.63636363636363
glass,1,0.1,0.5,0.1,1,1000,500,67.46031746031746,72.72727272727273
glass,1,0.1,0.5,0.5,1,1000,500,47.525252525252526,50.0
glass,1,0.1,0.1,3,1,1000,500,72.8650137741047,77.27272727272727
glass,1,0.1,0.5,0.9,1,1000,500,51.735537190082646,54.54545454545454
glass,1,0.1,0.9,0.1,1,1000,500,64.51914098972922,68.18181818181817
glass,1,0.1,0.9,0.5,1,1000,500,71.81818181818183,77.27272727272727
glass,1,0.1,0.5,3,1,1000,500,64.21946740128558,68.18181818181817
glass,1,0.1,0.9,0.9,1,1000,500,51.91409897292251,54.54545454545454
glass,1,0.1,3,0.9,1,1000,500,60.47979797979798,63.63636363636363
glass,1,0.1,3,0.5,1,1000,500,73.04473304473305,77.27272727272727
glass,1,0.4,0.1,0.9,1,1000,500,62.90297937356761,68.18181818181817
glass,1,0.1,3,3,1,1000,500,69.03242955874535,72.72727272727273
glass,1,0.1,3,0.1,1,1000,500,54.01913875598087,59.09090909090909
glass,1,0.4,0.1,0.1,1,1000,500,66.85680332739156,72.72727272727273
glass,1,0.1,0.9,3,1,1000,500,69.53748006379584,72.72727272727273
glass,1,0.4,0.5,0.1,1,1000,500,60.62303709362533,63.63636363636363
glass,1,0.4,0.1,0.5,1,1000,500,65.02525252525253,68.18181818181817
glass,1,0.4,0.5,0.5,1,1000,500,63.40909090909091,68.18181818181817
glass,1,0.4,0.5,0.9,1,1000,500,62.90297937356761,68.18181818181817
glass,1,0.4,0.1,3,1,1000,500,72.8650137741047,77.27272727272727
glass,1,0.4,0.5,3,1,1000,500,70.3030303030303,72.72727272727273
glass,1,0.4,0.9,0.1,1,1000,500,56.275252525252526,59.09090909090909
glass,1,0.4,0.9,0.5,1,1000,500,63.40909090909091,68.18181818181817
glass,1,0.4,0.9,0.9,1,1000,500,60.18075491759702,63.63636363636363
glass,1,0.4,3,0.5,1,1000,500,48.84559884559884,54.54545454545454
glass,1,0.4,0.9,3,1,1000,500,73.77410468319557,77.27272727272727
glass,1,0.4,3,0.1,1,1000,500,67.10743801652892,72.72727272727273
glass,1,0.4,3,0.9,1,1000,500,58.6013986013986,63.63636363636363
glass,1,0.4,3,3,1,1000,500,64.11048281861677,68.18181818181817
glass,2,0.1,0.1,0.1,1,1000,500,28.558310376492198,40.909090909090914
glass,2,0.1,0.1,0.5,1,1000,500,68.11497326203208,72.72727272727273
glass,2,0.1,0.1,0.9,1,1000,500,56.96969696969697,63.63636363636363
glass,2,0.1,0.5,0.1,1,1000,500,65.99632690541782,72.72727272727273
glass,2,0.1,0.5,0.5,1,1000,500,63.63636363636363,68.18181818181817
glass,2,0.1,0.1,3,1,1000,500,65.0,68.18181818181817
glass,2,0.1,0.5,0.9,1,1000,500,58.057851239669425,63.63636363636363
glass,2,0.1,0.5,3,1,1000,500,62.87081339712919,68.18181818181817
glass,2,0.1,0.9,0.1,1,1000,500,71.88811188811188,77.27272727272727
glass,2,0.1,0.9,0.5,1,1000,500,54.194041252864785,59.09090909090909
glass,2,0.1,3,0.9,1,1000,500,71.6161616161616,77.27272727272727
glass,2,0.4,0.1,0.1,1,1000,500,28.571428571428566,36.36363636363637
glass,2,0.4,0.1,0.9,1,1000,500,42.07792207792208,50.0
glass,2,0.1,3,0.5,1,1000,500,50.129870129870135,54.54545454545454
glass,2,0.1,3,0.1,1,1000,500,63.26042378673957,68.18181818181817
glass,2,0.1,0.9,0.9,1,1000,500,67.16515807424899,72.72727272727273
glass,2,0.4,0.1,0.5,1,1000,500,62.07792207792209,68.18181818181817
glass,2,0.1,3,3,1,1000,500,68.74458874458874,72.72727272727273
glass,2,0.1,0.9,3,1,1000,500,69.53748006379584,72.72727272727273
glass,2,0.4,0.1,3,1,1000,500,73.84983437615016,77.27272727272727
glass,2,0.4,0.5,0.1,1,1000,500,57.851239669421496,63.63636363636363
glass,2,0.4,0.5,0.5,1,1000,500,44.0,59.09090909090909
glass,2,0.4,0.5,0.9,1,1000,500,62.18434343434344,68.18181818181817
glass,2,0.4,0.5,3,1,1000,500,65.35714285714286,68.18181818181817
glass,2,0.4,0.9,0.1,1,1000,500,49.47368421052632,54.54545454545454
glass,2,0.4,3,0.1,1,1000,500,28.558310376492198,40.909090909090914
glass,2,0.4,3,0.5,1,1000,500,11.688311688311687,27.27272727272727
glass,2,0.4,3,0.9,1,1000,500,72.92490118577075,77.27272727272727
glass,2,0.4,0.9,0.5,1,1000,500,39.01515151515151,40.909090909090914
glass,2,0.4,0.9,0.9,1,1000,500,31.818181818181817,45.45454545454545
glass,2,0.4,0.9,3,1,1000,500,67.71929824561403,68.18181818181817
glass,2,0.4,3,3,1,1000,500,54.01913875598087,59.09090909090909
glass,0,0.1,0.1,0.1,1,1000,500,47.58241758241758,52.38095238095239
glass,0,0.1,0.1,0.5,1,1000,500,42.6890756302521,47.61904761904761
glass,0,0.1,0.1,0.9,1,1000,500,45.92592592592593,52.38095238095239
glass,0,0.1,0.5,0.1,1,1000,500,43.204837490551775,47.61904761904761
glass,0,0.1,0.1,3,1,1000,500,66.34920634920634,66.66666666666666
glass,0,0.1,0.5,0.5,1,1000,500,45.98039215686275,52.38095238095239
glass,0,0.1,0.5,0.9,1,1000,500,43.57142857142857,47.61904761904761
glass,0,0.1,0.9,0.1,1,1000,500,37.857142857142854,42.857142857142854
glass,0,0.1,0.9,0.5,1,1000,500,42.6890756302521,47.61904761904761
glass,0,0.1,0.5,3,1,1000,500,73.03622303622303,76.19047619047619
glass,0,0.1,0.9,0.9,1,1000,500,47.17086834733893,52.38095238095239
glass,0,0.1,0.9,3,1,1000,500,69.02255639097744,71.42857142857143
glass,0,0.1,3,0.1,1,1000,500,42.6890756302521,47.61904761904761
glass,0,0.1,3,0.9,1,1000,500,61.46636432350717,66.66666666666666
glass,0,0.1,3,0.5,1,1000,500,50.95238095238095,57.14285714285714
glass,0,0.4,0.1,0.1,1,1000,500,47.286470143613,52.38095238095239
glass,0,0.4,0.1,0.9,1,1000,500,57.14285714285714,57.14285714285714
glass,0,0.1,3,3,1,1000,500,73.20928371348539,76.19047619047619
glass,0,0.4,0.1,0.5,1,1000,500,60.22408963585435,66.66666666666666
glass,0,0.4,0.1,3,1,1000,500,68.75050875050874,71.42857142857143
glass,0,0.4,0.5,0.5,1,1000,500,50.980392156862756,57.14285714285714
glass,0,0.4,0.5,0.1,1,1000,500,37.857142857142854,42.857142857142854
glass,0,0.4,0.5,0.9,1,1000,500,41.498599439775916,47.61904761904761
glass,0,0.4,0.5,3,1,1000,500,62.76405298961689,66.66666666666666
glass,0,0.4,0.9,0.1,1,1000,500,42.6890756302521,47.61904761904761
glass,0,0.4,0.9,0.9,1,1000,500,51.39194139194139,57.14285714285714
glass,0,0.4,3,0.9,1,1000,500,37.301587301587304,42.857142857142854
glass,0,0.4,0.9,0.5,1,1000,500,48.333333333333336,52.38095238095239
glass,0,0.4,0.9,3,1,1000,500,58.730158730158735,61.904761904761905
glass,0,0.4,3,0.1,1,1000,500,32.6797385620915,38.095238095238095
glass,0,0.4,3,0.5,1,1000,500,54.192624418188316,61.904761904761905
glass,0,0.4,3,3,1,1000,500,73.20928371348539,76.19047619047619
glass,1,0.1,0.1,0.1,1,1000,500,46.326530612244895,52.38095238095239
glass,1,0.1,0.1,0.5,1,1000,500,45.80021482277121,52.38095238095239
glass,1,0.1,0.1,0.9,1,1000,500,29.873949579831933,33.33333333333333
glass,1,0.1,0.5,0.1,1,1000,500,34.625850340136054,38.095238095238095
glass,1,0.1,0.5,0.5,1,1000,500,28.683473389355747,33.33333333333333
glass,1,0.1,0.1,3,1,1000,500,67.44020685197157,66.66666666666666
glass,1,0.1,0.5,0.9,1,1000,500,50.12210012210012,57.14285714285714
glass,1,0.1,0.9,0.9,1,1000,500,26.778711484593842,28.57142857142857
glass,1,0.1,0.9,0.5,1,1000,500,26.825396825396826,28.57142857142857
glass,1,0.1,3,0.5,1,1000,500,45.91567852437417,52.38095238095239
glass,1,0.1,0.9,0.1,1,1000,500,28.476190476190478,38.095238095238095
glass,1,0.1,3,0.1,1,1000,500,38.42105263157895,42.857142857142854
glass,1,0.1,0.5,3,1,1000,500,64.44177671068428,66.66666666666666
glass,1,0.1,3,0.9,1,1000,500,39.4392908678623,42.857142857142854
glass,1,0.4,0.1,0.1,1,1000,500,51.97802197802197,57.14285714285714
glass,1,0.1,3,3,1,1000,500,73.00520208083233,76.19047619047619
glass,1,0.1,0.9,3,1,1000,500,74.76190476190476,76.19047619047619
glass,1,0.4,0.1,0.5,1,1000,500,22.222222222222225,23.809523809523807
glass,1,0.4,0.1,0.9,1,1000,500,47.099567099567096,52.38095238095239
glass,1,0.4,0.5,0.5,1,1000,500,37.929606625258806,47.61904761904761
glass,1,0.4,0.1,3,1,1000,500,64.10687351863822,66.66666666666666
glass,1,0.4,0.5,3,1,1000,500,47.61904761904761,47.61904761904761
glass,1,0.4,0.5,0.9,1,1000,500,33.37868480725624,38.095238095238095
glass,1,0.4,0.9,0.1,1,1000,500,44.92997198879551,52.38095238095239
glass,1,0.4,0.5,0.1,1,1000,500,29.915966386554622,33.33333333333333
glass,1,0.4,0.9,0.5,1,1000,500,19.45578231292517,23.809523809523807
glass,1,0.4,0.9,0.9,1,1000,500,46.53061224489796,52.38095238095239
glass,1,0.4,3,0.5,1,1000,500,35.17006802721089,42.857142857142854
glass,1,0.4,3,0.9,1,1000,500,16.598639455782312,19.047619047619047
glass,1,0.4,0.9,3,1,1000,500,72.10884353741497,71.42857142857143
glass,1,0.4,3,0.1,1,1000,500,23.65914786967419,28.57142857142857
glass,1,0.4,3,3,1,1000,500,72.44897959183673,76.19047619047619
glass,2,0.1,0.1,0.1,1,1000,500,49.39133548156104,52.38095238095239
glass,2,0.1,0.1,0.5,1,1000,500,35.42568542568543,42.857142857142854
glass,2,0.1,0.1,0.9,1,1000,500,22.049689440993784,33.33333333333333
glass,2,0.1,0.5,0.1,1,1000,500,46.3003663003663,52.38095238095239
glass,2,0.1,0.9,0.1,1,1000,500,42.51700680272109,47.61904761904761
glass,2,0.1,0.5,0.5,1,1000,500,15.873015873015875,23.809523809523807
glass,2,0.1,3,0.5,1,1000,500,7.891156462585035,9.523809523809524
glass,2,0.1,0.9,0.5,1,1000,500,22.367346938775512,33.33333333333333
glass,2,0.1,0.5,0.9,1,1000,500,28.976096367400718,38.095238095238095
glass,2,0.1,0.1,3,1,1000,500,68.91330891330891,71.42857142857143
glass,2,0.1,0.9,0.9,1,1000,500,18.571428571428573,28.57142857142857
glass,2,0.1,3,0.9,1,1000,500,37.39495798319328,42.857142857142854
glass,2,0.1,3,0.1,1,1000,500,54.35897435897436,61.904761904761905
glass,2,0.1,0.9,3,1,1000,500,48.253968253968246,52.38095238095239
glass,2,0.4,0.1,0.1,1,1000,500,30.144927536231886,38.095238095238095
glass,2,0.4,0.1,0.5,1,1000,500,43.90847247990105,47.61904761904761
glass,2,0.4,0.1,0.9,1,1000,500,41.83792815371763,47.61904761904761
glass,2,0.1,0.5,3,1,1000,500,52.947845804988646,57.14285714285714
glass,2,0.4,0.5,0.5,1,1000,500,22.367346938775512,33.33333333333333
glass,2,0.4,0.5,0.1,1,1000,500,28.289241622574956,42.857142857142854
glass,2,0.1,3,3,1,1000,500,61.1764705882353,61.904761904761905
glass,2,0.4,0.9,0.5,1,1000,500,13.714285714285712,28.57142857142857
glass,2,0.4,0.9,3,1,1000,500,58.274257071249544,66.66666666666666
glass,2,0.4,0.1,3,1,1000,500,39.1609977324263,38.095238095238095
glass,2,0.4,0.5,0.9,1,1000,500,50.55365686944635,52.38095238095239
glass,2,0.4,0.5,3,1,1000,500,53.96825396825397,57.14285714285714
glass,2,0.4,0.9,0.1,1,1000,500,49.69187675070027,57.14285714285714
glass,2,0.4,3,0.5,1,1000,500,39.99999999999999,47.61904761904761
glass,2,0.4,0.9,0.9,1,1000,500,40.43956043956043,47.61904761904761
glass,2,0.4,3,0.1,1,1000,500,40.43956043956043,47.61904761904761
glass,2,0.4,3,0.9,1,1000,500,50.158730158730144,57.14285714285714
glass,2,0.4,3,3,1,1000,500,72.3249299719888,71.42857142857143
abalone,0,0.1,0.5,0.1,1,1000,500,0.07355637319418037,0.009486632310255212
abalone,0,0.1,0.9,3,1,1000,500,0.07188273737411724,0.009084821769580665
abalone,0,0.1,0.1,0.1,1,1000,500,0.07328089574497029,0.009430163105435508
abalone,0,0.1,0.1,0.9,1,1000,500,0.07448976639201595,0.009745577689586206
abalone,0,0.1,0.9,0.5,1,1000,500,0.07293273639290591,0.00941648401203916
abalone,0,0.1,0.5,3,1,1000,500,0.07193227041425411,0.009097189607041981
abalone,0,0.1,0.1,3,1,1000,500,0.07188265732307544,0.009084788484876684
abalone,0,0.1,0.5,0.9,1,1000,500,0.07316569135002378,0.009447897775458115
abalone,0,0.1,0.5,0.5,1,1000,500,0.0729454496059218,0.009426129268235568
abalone,0,0.1,3,0.5,1,1000,500,0.07291907123568037,0.009313531413954738
abalone,0,0.1,0.9,0.9,1,1000,500,0.0725471220426274,0.009244090201415969
abalone,0,0.1,3,0.1,1,1000,500,0.07576531824544605,0.009991357892091508
abalone,0,0.1,0.9,0.1,1,1000,500,0.07554527175640989,0.010085165347357681
abalone,0,0.1,3,0.9,1,1000,500,0.0718425525514158,0.009102680518508781
abalone,0,0.4,0.1,0.1,1,1000,500,0.07672168466939232,0.010346619813081232
abalone,0,0.4,0.5,0.9,1,1000,500,0.0724594798220205,0.009168242086762266
abalone,0,0.4,0.5,0.1,1,1000,500,0.07666710110957588,0.010311552835276452
abalone,0,0.1,0.1,0.5,1,1000,500,0.07196295189469165,0.009137499969738635
abalone,0,0.4,0.1,0.9,1,1000,500,0.07234633847785366,0.009152850990105573
abalone,0,0.4,0.1,0.5,1,1000,500,0.07187319168786549,0.009044641850707082
abalone,0,0.1,3,3,1,1000,500,0.07188144038340101,0.009084377056208423
abalone,0,0.4,0.1,3,1,1000,500,0.08662565325596247,0.012101903856452335
abalone,0,0.4,0.9,0.1,1,1000,500,0.07578871477156936,0.010236236080337684
abalone,0,0.4,0.5,3,1,1000,500,0.08325590812817303,0.012354318046050593
abalone,0,0.4,0.9,3,1,1000,500,0.07211627773023074,0.009130135086740059
abalone,0,0.4,0.5,0.5,1,1000,500,0.07224897656383139,0.009124826955856624
abalone,0,0.4,0.9,0.5,1,1000,500,0.07194626660556418,0.009059727428131402
abalone,0,0.4,3,0.9,1,1000,500,0.1828299527818779,0.043308579984756984
abalone,0,0.4,0.9,0.9,1,1000,500,0.10927564356909474,0.019199509467708292
abalone,0,0.4,3,0.1,1,1000,500,0.07485205273278317,0.010007062627091922
abalone,0,0.4,3,0.5,1,1000,500,0.07182915430327215,0.0090288735584785
abalone,0,0.4,3,3,1,1000,500,0.07188251627229528,0.009084760179799261
